{"options":{"check_for_updates":true,"comment":null,"compat_foreach":false,"compat_metadata":false,"compat_powerful_this":null,"compat_wrappedjsobject":false,"compatopts_for_requires":true,"noframes":null,"override":{"merge_connects":true,"merge_excludes":true,"merge_includes":true,"merge_matches":true,"orig_connects":[],"orig_excludes":[],"orig_includes":[],"orig_matches":["https://juejin.cn/post/*","https://*.csdn.net/*article/details/*","https://www.jianshu.com/p/*","https://segmentfault.com/a/*","https://mp.weixin.qq.com/s*","https://zhuanlan.zhihu.com/p/*","https://sspai.com/post/*","*://www.news.cn/*/**/*.htm*","*://*.people.com.cn/*/**/*.htm*"],"orig_noframes":null,"orig_run_at":"document-idle","orig_run_in":[],"orig_tags":[],"use_blockers":[],"use_connects":[],"use_excludes":[],"use_includes":[],"use_matches":[]},"run_at":null,"run_in":null,"sandbox":null,"tags":[],"unwrap":null,"user_modified":null},"settings":{"enabled":true,"position":1},"meta":{"name":"copy-helper","uuid":"02c8e430-1c86-4589-a474-fb4e631484f2","modified":1742471259610,"file_url":"https://update.greasyfork.org/scripts/439663/copy-helper.user.js"}}